{"stat.drop.minecraft.birch_fence_gate":1,"stat.walkOneCm":82981,"stat.useItem.minecraft.torch":19,"stat.pickup.minecraft.redstone_torch":1,"stat.useItem.minecraft.quartz_stairs":59,"stat.leaveGame":2,"stat.pickup.minecraft.birch_fence_gate":1,"stat.pickup.minecraft.gravel":1,"stat.pickup.minecraft.dark_oak_door":1,"stat.drop.minecraft.fire_charge":1,"stat.useItem.minecraft.cobblestone":89,"stat.drop.minecraft.ladder":1,"stat.useItem.minecraft.tnt":11,"stat.useItem.minecraft.bookshelf":32,"stat.pickup.minecraft.carpet":1,"stat.useItem.minecraft.carpet":24,"stat.useItem.minecraft.glowstone":89,"stat.drop.minecraft.red_flower":2,"stat.pickup.minecraft.string":2,"stat.jump":118,"stat.swimOneCm":3424,"stat.pickup.minecraft.tnt":1,"stat.useItem.minecraft.birch_fence_gate":9,"stat.pickup.minecraft.stone":4,"stat.useItem.minecraft.redstone_torch":16,"stat.pickup.minecraft.dirt":9,"stat.useItem.minecraft.dirt":45,"stat.pickup.minecraft.ladder":1,"stat.useItem.minecraft.glass_pane":10,"stat.drop.minecraft.redstone_torch":1,"stat.useItem.minecraft.red_flower":11,"stat.useItem.minecraft.dark_oak_door":12,"stat.useItem.minecraft.acacia_fence":8,"stat.useItem.minecraft.bed":21,"stat.pickup.minecraft.grass":1,"stat.killEntity.Spider":1,"stat.drop.minecraft.quartz_stairs":1,"stat.mobKills":1,"stat.pickup.minecraft.cobblestone":16,"stat.flyOneCm":17464,"stat.drop":11,"stat.playOneMinute":164323,"stat.pickup.minecraft.red_flower":1,"stat.useItem.minecraft.ladder":2,"stat.drop.minecraft.acacia_fence":1,"stat.damageDealt":162,"stat.drop.minecraft.carpet":1,"stat.drop.minecraft.tnt":1,"stat.sleepInBed":2,"stat.timeSinceDeath":164323,"stat.useItem.minecraft.birch_stairs":54,"stat.pickup.minecraft.yellow_flower":2,"stat.drop.minecraft.grass":1,"stat.diveOneCm":8086,"stat.useItem.minecraft.sandstone":353}