{"stat.chestOpened":1,"stat.pickup.minecraft.bone":2,"stat.useItem.minecraft.stone":267,"stat.leaveGame":4,"stat.pickup.minecraft.arrow":1,"stat.useItem.minecraft.beacon":4,"stat.drop.minecraft.ladder":1,"stat.useItem.minecraft.diamond_sword":232,"stat.useItem.minecraft.glowstone":156,"stat.jump":244,"stat.swimOneCm":35451,"stat.useItem.minecraft.sand":146,"stat.climbOneCm":9569,"stat.pickup.minecraft.gunpowder":6,"stat.crouchOneCm":549,"stat.useItem.minecraft.dirt":44,"stat.useItem.minecraft.glass":244,"stat.pickup.minecraft.ender_eye":2,"stat.pickup.minecraft.iron_leggings":1,"stat.flyOneCm":322827,"stat.pickup.minecraft.rabbit_hide":16,"stat.killEntity.Villager":1,"stat.damageDealt":4554,"stat.killEntity.Rabbit":89,"stat.sleepInBed":5,"stat.timeSinceDeath":159327,"stat.killEntity.Silverfish":1,"stat.useItem.minecraft.spawn_egg":52,"stat.walkOneCm":161443,"stat.pickup.minecraft.dark_oak_door":3,"stat.killEntity.Creeper":5,"stat.pickup.minecraft.rabbit_foot":2,"stat.drop.minecraft.spawn_egg":2,"stat.useItem.minecraft.diamond_block":132,"stat.sprintOneCm":16,"stat.pickup.minecraft.ladder":1,"stat.useItem.minecraft.stone_stairs":33,"stat.killEntity.Skeleton":3,"stat.useItem.minecraft.dark_oak_door":12,"stat.useItem.minecraft.bed":5,"stat.killEntity.Spider":1,"stat.useItem.minecraft.ender_eye":36,"stat.mobKills":104,"stat.pickup.minecraft.spawn_egg":2,"stat.useItem.minecraft.spruce_door":2,"stat.drop":4,"stat.pickup.minecraft.diamond":3,"stat.playOneMinute":159327,"stat.useItem.minecraft.ladder":15,"stat.sneakTime":1647,"stat.pickup.minecraft.rabbit":20,"stat.killEntity.Zombie":1,"stat.drop.minecraft.grass":1,"stat.diveOneCm":31272}