{"stats":{"minecraft:used":{"minecraft:trident":9,"minecraft:enchanting_table":12,"minecraft:iron_bars":6,"minecraft:flint_and_steel":85,"minecraft:dead_bush":57,"minecraft:carved_pumpkin":40,"minecraft:poppy":37,"minecraft:ladder":4,"minecraft:ender_chest":5,"minecraft:stone":3710,"minecraft:quartz_stairs":22,"minecraft:oak_door":3,"minecraft:dirt":18,"minecraft:white_carpet":77,"minecraft:milk_bucket":18,"minecraft:birch_door":13,"minecraft:glass":404,"minecraft:lava_bucket":348,"minecraft:bookshelf":77,"minecraft:iron_block":3,"minecraft:oak_stairs":12,"minecraft:quartz_block":112,"minecraft:tropical_fish_spawn_egg":24,"minecraft:glowstone":1211,"minecraft:bow":103,"minecraft:hay_block":84,"minecraft:iron_trapdoor":11,"minecraft:oak_sapling":17,"minecraft:salmon_spawn_egg":24,"minecraft:drowned_spawn_egg":64,"minecraft:minecart":3,"minecraft:trapped_chest":1,"minecraft:egg":374,"minecraft:turtle_egg":40,"minecraft:water_bucket":606,"minecraft:diorite":1040,"minecraft:spruce_door":2,"minecraft:oak_planks":67,"minecraft:sandstone":440,"minecraft:beacon":36,"minecraft:horse_spawn_egg":30,"minecraft:jungle_boat":37,"minecraft:oak_leaves":7,"minecraft:white_wool":258,"minecraft:diamond_block":18,"minecraft:rabbit_spawn_egg":1,"minecraft:sand":5,"minecraft:rail":142,"minecraft:tnt":4,"minecraft:phantom_spawn_egg":19,"minecraft:black_banner":2,"minecraft:white_bed":47,"minecraft:note_block":12,"minecraft:painting":77,"minecraft:cake":4,"minecraft:dark_oak_door":31,"minecraft:redstone_torch":4,"minecraft:oak_log":92,"minecraft:lever":5,"minecraft:string":5,"minecraft:stone_button":17,"minecraft:sign":10,"minecraft:stone_slab":139,"minecraft:oak_pressure_plate":15,"minecraft:iron_door":10,"minecraft:pink_bed":25,"minecraft:ocelot_spawn_egg":52,"minecraft:diamond_sword":732,"minecraft:glass_pane":26,"minecraft:ice":9,"minecraft:end_portal_frame":3,"minecraft:tropical_fish_bucket":234,"minecraft:white_concrete":22,"minecraft:splash_potion":2,"minecraft:cobweb":2},"minecraft:custom":{"minecraft:mob_kills":161,"minecraft:leave_game":37,"minecraft:time_since_death":2256323,"minecraft:sprint_one_cm":46575,"minecraft:walk_one_cm":1430284,"minecraft:drop":90,"minecraft:talked_to_villager":20,"minecraft:sneak_time":5912,"minecraft:walk_under_water_one_cm":43222,"minecraft:boat_one_cm":20131,"minecraft:jump":1400,"minecraft:walk_on_water_one_cm":81582,"minecraft:tune_noteblock":85,"minecraft:play_one_minute":2256323,"minecraft:sleep_in_bed":59,"minecraft:time_since_rest":77625,"minecraft:open_enderchest":4,"minecraft:trigger_trapped_chest":1,"minecraft:minecart_one_cm":5798,"minecraft:damage_dealt":27924,"minecraft:interact_with_beacon":14,"minecraft:fly_one_cm":2788752,"minecraft:crouch_one_cm":2840},"minecraft:picked_up":{"minecraft:birch_door":3,"minecraft:splash_potion":1,"minecraft:diamond_sword":1,"minecraft:string":18,"minecraft:white_carpet":1,"minecraft:beef":3,"minecraft:redstone_torch":2,"minecraft:minecart":1,"minecraft:quartz_stairs":1,"minecraft:sugar_cane":9,"minecraft:egg":3,"minecraft:dark_oak_door":5,"minecraft:sandstone":3,"minecraft:stone":5,"minecraft:porkchop":8,"minecraft:stone_button":3,"minecraft:diorite":1,"minecraft:tnt":1,"minecraft:arrow":10,"minecraft:rotten_flesh":34,"minecraft:tropical_fish":46,"minecraft:glowstone":1,"minecraft:bookshelf":2,"minecraft:gold_ingot":1,"minecraft:cod":1,"minecraft:white_wool":3,"minecraft:cobblestone":15,"minecraft:jungle_boat":2,"minecraft:iron_door":4,"minecraft:beacon":1,"minecraft:end_portal_frame":1,"minecraft:ice":1,"minecraft:gunpowder":17,"minecraft:dirt":5,"minecraft:glass":1,"minecraft:bone":12,"minecraft:bow":1,"minecraft:wheat_seeds":4,"minecraft:oak_planks":1,"minecraft:tropical_fish_bucket":1,"minecraft:oak_pressure_plate":1,"minecraft:sand":5,"minecraft:white_bed":1,"minecraft:dead_bush":2,"minecraft:spider_eye":3,"minecraft:lever":1,"minecraft:painting":2,"minecraft:white_concrete":1,"minecraft:golden_apple":1},"minecraft:killed":{"minecraft:spider":16,"minecraft:skeleton":11,"minecraft:drowned":21,"minecraft:wolf":6,"minecraft:pig":3,"minecraft:zombie_villager":4,"minecraft:creeper":21,"minecraft:zombie":26,"minecraft:villager":44,"minecraft:cow":1},"minecraft:dropped":{"minecraft:enchanted_book":1,"minecraft:water_bucket":3,"minecraft:tnt":1,"minecraft:golden_horse_armor":1,"minecraft:minecart":1,"minecraft:bookshelf":2,"minecraft:spruce_door":1,"minecraft:carrot_on_a_stick":1,"minecraft:cod":1,"minecraft:diamond_horse_armor":1,"minecraft:iron_trapdoor":1,"minecraft:ice":1,"minecraft:milk_bucket":1,"minecraft:diorite":1,"minecraft:stone_button":2,"minecraft:white_concrete":3,"minecraft:iron_door":5,"minecraft:jack_o_lantern":1,"minecraft:dead_bush":1,"minecraft:jungle_boat":3,"minecraft:white_wool":5,"minecraft:tropical_fish_bucket":1,"minecraft:bone":1,"minecraft:dark_oak_door":7,"minecraft:note_block":1,"minecraft:lever":1,"minecraft:blaze_rod":1,"minecraft:white_carpet":3,"minecraft:oak_planks":3,"minecraft:stone_slab":1,"minecraft:white_bed":2,"minecraft:glass_pane":1,"minecraft:flint_and_steel":2,"minecraft:diamond_sword":3,"minecraft:poppy":65,"minecraft:stone":1,"minecraft:cake":1,"minecraft:quartz_stairs":1,"minecraft:glowstone":2,"minecraft:end_portal_frame":1,"minecraft:redstone_torch":1,"minecraft:painting":4,"minecraft:sandstone":1,"minecraft:beacon":2,"minecraft:glass":2,"minecraft:splash_potion":1,"minecraft:enchanting_table":1,"minecraft:egg":2}},"DataVersion":1519}