{"stats":{"minecraft:used":{"minecraft:water_bucket":60,"minecraft:snow_block":214,"minecraft:ladder":4,"minecraft:poppy":11,"minecraft:chest":1,"minecraft:sandstone":374,"minecraft:quartz_stairs":59,"minecraft:gold_ore":3,"minecraft:oak_door":2,"minecraft:oak_leaves":150,"minecraft:torch":27,"minecraft:diamond_block":3,"minecraft:dirt":45,"minecraft:purpur_stairs":58,"minecraft:white_carpet":24,"minecraft:tnt":11,"minecraft:lime_bed":24,"minecraft:prismarine_brick_stairs":33,"minecraft:dark_oak_fence_gate":60,"minecraft:white_bed":21,"minecraft:allium":13,"minecraft:yellow_carpet":25,"minecraft:fire_coral":5,"minecraft:dark_oak_door":18,"minecraft:birch_fence":43,"minecraft:redstone_torch":30,"minecraft:glass":259,"minecraft:lava_bucket":13,"minecraft:bookshelf":52,"minecraft:birch_fence_gate":9,"minecraft:string":8,"minecraft:grass_block":53,"minecraft:orange_shulker_box":4,"minecraft:jungle_log":133,"minecraft:diamond_ore":203,"minecraft:stone_brick_stairs":4,"minecraft:prismarine_slab":79,"minecraft:glowstone":203,"minecraft:cobblestone":407,"minecraft:horn_coral":7,"minecraft:stripped_oak_wood":83,"minecraft:andesite":325,"minecraft:acacia_fence":8,"minecraft:glass_pane":79,"minecraft:yellow_bed":5,"minecraft:dragon_head":2,"minecraft:splash_potion":5,"minecraft:birch_stairs":104},"minecraft:custom":{"minecraft:mob_kills":3,"minecraft:play_one_minute":417869,"minecraft:open_shulker_box":6,"minecraft:leave_game":9,"minecraft:time_since_death":417869,"minecraft:sleep_in_bed":13,"minecraft:time_since_rest":7736,"minecraft:sprint_one_cm":419,"minecraft:walk_one_cm":293351,"minecraft:drop":62,"minecraft:damage_dealt":386,"minecraft:fly_one_cm":99781,"minecraft:open_chest":3,"minecraft:sneak_time":167,"minecraft:walk_under_water_one_cm":29271,"minecraft:jump":342,"minecraft:walk_on_water_one_cm":29499},"minecraft:picked_up":{"minecraft:lime_bed":2,"minecraft:allium":7,"minecraft:ladder":3,"minecraft:andesite":1,"minecraft:water_bucket":3,"minecraft:jungle_log":1,"minecraft:enchanted_book":1,"minecraft:purpur_stairs":1,"minecraft:fire_coral":1,"minecraft:dirt":9,"minecraft:string":3,"minecraft:white_carpet":1,"minecraft:glass":1,"minecraft:birch_fence":1,"minecraft:glass_pane":1,"minecraft:redstone_torch":2,"minecraft:poppy":1,"minecraft:chest":1,"minecraft:dark_oak_door":3,"minecraft:prismarine_brick_stairs":1,"minecraft:orange_shulker_box":2,"minecraft:stone":4,"minecraft:oak_door":1,"minecraft:torch":2,"minecraft:dandelion":2,"minecraft:gravel":1,"minecraft:lava_bucket":1,"minecraft:birch_fence_gate":1,"minecraft:birch_stairs":1,"minecraft:diamond_block":1,"minecraft:grass_block":2,"minecraft:gold_ore":2,"minecraft:tnt":1,"minecraft:yellow_carpet":1,"minecraft:rotten_flesh":3,"minecraft:bookshelf":2,"minecraft:cobblestone":34},"minecraft:killed":{"minecraft:spider":1,"minecraft:zombie":2},"minecraft:dropped":{"minecraft:oak_door":1,"minecraft:enchanted_book":1,"minecraft:snow_block":1,"minecraft:water_bucket":3,"minecraft:gold_ore":2,"minecraft:dark_oak_door":2,"minecraft:orange_shulker_box":1,"minecraft:diamond_block":1,"minecraft:tnt":1,"minecraft:bookshelf":3,"minecraft:white_carpet":1,"minecraft:cobblestone":18,"minecraft:prismarine_brick_stairs":1,"minecraft:purpur_stairs":1,"minecraft:glass_pane":1,"minecraft:grass_block":2,"minecraft:yellow_carpet":2,"minecraft:birch_fence_gate":1,"minecraft:polished_andesite":64,"minecraft:lava_bucket":1,"minecraft:poppy":2,"minecraft:lime_bed":2,"minecraft:birch_fence":2,"minecraft:allium":4,"minecraft:torch":4,"minecraft:andesite":1,"minecraft:jungle_log":1,"minecraft:yellow_bed":1,"minecraft:quartz_stairs":1,"minecraft:glowstone":2,"minecraft:fire_coral":1,"minecraft:chest":1,"minecraft:ladder":3,"minecraft:fire_charge":1,"minecraft:redstone_torch":2,"minecraft:sandstone":1,"minecraft:glass":3,"minecraft:stripped_oak_wood":1,"minecraft:prismarine_slab":1,"minecraft:string":1,"minecraft:acacia_fence":1,"minecraft:birch_stairs":1,"minecraft:splash_potion":1}},"DataVersion":1519}