{"stats":{"minecraft:used":{"minecraft:turtle_spawn_egg":231,"minecraft:birch_door":5,"minecraft:enchanting_table":4,"minecraft:acacia_door":7,"minecraft:oak_planks":364,"minecraft:blue_bed":3,"minecraft:beacon":1,"minecraft:white_wool":167,"minecraft:glowstone":319,"minecraft:fire_charge":2,"minecraft:diamond_sword":32,"minecraft:diamond_block":9,"minecraft:potion":7,"minecraft:bow":15,"minecraft:lapis_block":398,"minecraft:white_bed":20,"minecraft:acacia_planks":24},"minecraft:killed":{"minecraft:sheep":1,"minecraft:wolf":2,"minecraft:zombie":5,"minecraft:zombie_villager":1,"minecraft:chicken":1,"minecraft:villager":2},"minecraft:dropped":{"minecraft:diamond_sword":1,"minecraft:diamond_block":1,"minecraft:diamond_chestplate":1,"minecraft:diamond_helmet":1,"minecraft:fire_charge":2,"minecraft:potion":2,"minecraft:diamond_boots":1,"minecraft:beacon":1,"minecraft:bow":1,"minecraft:red_sand":1,"minecraft:acacia_door":1,"minecraft:white_bed":2,"minecraft:white_wool":1,"minecraft:enchanting_table":1,"minecraft:lapis_block":1},"minecraft:mined":{"minecraft:blue_bed":1},"minecraft:picked_up":{"minecraft:enchanting_table":1,"minecraft:fire_charge":2,"minecraft:potion":1,"minecraft:white_bed":2,"minecraft:diamond_block":1,"minecraft:acacia_door":1,"minecraft:rotten_flesh":8,"minecraft:diamond_chestplate":1,"minecraft:diamond_boots":1,"minecraft:diamond_helmet":1,"minecraft:white_wool":1},"minecraft:custom":{"minecraft:time_since_rest":10633,"minecraft:sprint_one_cm":3219,"minecraft:walk_one_cm":140391,"minecraft:mob_kills":12,"minecraft:drop":19,"minecraft:damage_dealt":1807,"minecraft:swim_one_cm":164,"minecraft:talked_to_villager":2,"minecraft:fly_one_cm":453443,"minecraft:play_one_minute":241914,"minecraft:sneak_time":608,"minecraft:walk_under_water_one_cm":13914,"minecraft:jump":200,"minecraft:leave_game":14,"minecraft:walk_on_water_one_cm":7394,"minecraft:time_since_death":241914,"minecraft:sleep_in_bed":8}},"DataVersion":1628}