{"stat.beaconInteraction":11,"stat.useItem.minecraft.string":5,"stat.useItem.minecraft.bow":103,"stat.useItem.minecraft.quartz_block":112,"stat.useItem.minecraft.painting":77,"stat.leaveGame":33,"stat.useItem.minecraft.bookshelf":77,"stat.useItem.minecraft.glowstone":1200,"stat.drop.minecraft.enchanted_book":1,"stat.useItem.minecraft.planks":67,"stat.pickup.minecraft.glass":1,"stat.useItem.minecraft.water_bucket":606,"stat.drop.minecraft.redstone_torch":1,"stat.pickup.minecraft.rotten_flesh":18,"stat.pickup.minecraft.sand":5,"stat.pickup.minecraft.splash_potion":1,"stat.drop.minecraft.golden_horse_armor":1,"stat.useItem.minecraft.rail":142,"stat.drop.minecraft.splash_potion":1,"stat.killEntity.Villager":44,"stat.drop.minecraft.tnt":1,"stat.drop.minecraft.end_portal_frame":1,"stat.useItem.minecraft.spawn_egg":514,"stat.useItem.minecraft.oak_stairs":12,"stat.drop.minecraft.spruce_door":1,"stat.killEntity.ZombieVillager":4,"stat.drop.minecraft.red_flower":65,"stat.drop.minecraft.stone_slab":1,"stat.useItem.minecraft.minecart":2,"stat.useItem.minecraft.dark_oak_door":21,"stat.useItem.minecraft.ice":9,"stat.useItem.minecraft.flint_and_steel":85,"stat.drop.minecraft.jungle_boat":3,"stat.pickup.minecraft.lever":1,"stat.pickup.minecraft.egg":3,"stat.playOneMinute":1802725,"stat.pickup.minecraft.birch_door":3,"stat.pickup.minecraft.beacon":1,"stat.drop.minecraft.ice":1,"stat.useItem.minecraft.stone":3710,"stat.pickup.minecraft.arrow":8,"stat.pickup.minecraft.wooden_pressure_plate":1,"stat.useItem.minecraft.ender_chest":4,"stat.drop.minecraft.stone":1,"stat.crouchOneCm":2666,"stat.pickup.minecraft.painting":2,"stat.drop.minecraft.milk_bucket":1,"stat.drop.minecraft.bone":1,"stat.drop.minecraft.concrete":3,"stat.pickup.minecraft.planks":1,"stat.drop.minecraft.minecart":1,"stat.pickup.minecraft.wheat_seeds":4,"stat.useItem.minecraft.enchanting_table":12,"stat.drop.minecraft.carpet":3,"stat.useItem.minecraft.wool":258,"stat.pickup.minecraft.ice":1,"stat.useItem.minecraft.iron_bars":5,"stat.pickup.minecraft.golden_apple":1,"stat.drop.minecraft.diamond_horse_armor":1,"stat.useItem.minecraft.log":92,"stat.drop.minecraft.tallgrass":1,"stat.drop.minecraft.iron_door":4,"stat.drop.minecraft.glass_pane":1,"stat.pickup.minecraft.tallgrass":2,"stat.drop.minecraft.planks":3,"stat.useItem.minecraft.tallgrass":57,"stat.useItem.minecraft.glass_pane":26,"stat.useItem.minecraft.birch_door":13,"stat.drop.minecraft.fish":1,"stat.useItem.minecraft.wooden_pressure_plate":15,"stat.useItem.minecraft.wooden_door":3,"stat.useItem.minecraft.spruce_door":2,"stat.pickup.minecraft.iron_door":4,"stat.drop.minecraft.cake":1,"stat.sneakTime":5159,"stat.pickup.minecraft.wool":3,"stat.useItem.minecraft.web":2,"stat.pickup.minecraft.bone":12,"stat.pickup.minecraft.redstone_torch":2,"stat.pickup.minecraft.bookshelf":2,"stat.useItem.minecraft.beacon":21,"stat.drop.minecraft.beacon":2,"stat.useItem.minecraft.diamond_sword":610,"stat.swimOneCm":51906,"stat.pickup.minecraft.glowstone":1,"stat.enderchestOpened":3,"stat.useItem.minecraft.redstone_torch":4,"stat.useItem.minecraft.dirt":18,"stat.pickup.minecraft.bow":1,"stat.useItem.minecraft.jungle_boat":37,"stat.useItem.minecraft.red_flower":37,"stat.pickup.minecraft.end_portal_frame":1,"stat.useItem.minecraft.egg":374,"stat.drop.minecraft.iron_trapdoor":1,"stat.drop.minecraft.quartz_stairs":1,"stat.pickup.minecraft.cobblestone":15,"stat.pickup.minecraft.quartz_stairs":1,"stat.flyOneCm":2447564,"stat.pickup.minecraft.sandstone":3,"stat.pickup.minecraft.fish":1,"stat.timeSinceDeath":1802725,"stat.useItem.minecraft.sign":10,"stat.useItem.minecraft.iron_door":10,"stat.useItem.minecraft.noteblock":12,"stat.useItem.minecraft.lever":5,"stat.pickup.minecraft.dark_oak_door":4,"stat.drop.minecraft.flint_and_steel":2,"stat.pickup.minecraft.carpet":1,"stat.drop.minecraft.wool":5,"stat.killEntity.Creeper":20,"stat.talkedToVillager":20,"stat.drop.minecraft.spawn_egg":9,"stat.pickup.minecraft.string":18,"stat.useItem.minecraft.milk_bucket":18,"stat.sprintOneCm":21259,"stat.useItem.minecraft.diamond_block":9,"stat.drop.minecraft.dark_oak_door":6,"stat.useItem.minecraft.stone_slab":139,"stat.useItem.minecraft.bed":47,"stat.pickup.minecraft.spawn_egg":6,"stat.drop":85,"stat.useItem.minecraft.cake":4,"stat.pickup.minecraft.stone_button":3,"stat.useItem.minecraft.banner":2,"stat.useItem.minecraft.ladder":4,"stat.drop.minecraft.blaze_rod":1,"stat.killEntity.Zombie":26,"stat.diveOneCm":14409,"stat.useItem.minecraft.quartz_stairs":22,"stat.drop.minecraft.bookshelf":2,"stat.useItem.minecraft.carpet":77,"stat.pickup.minecraft.diamond_sword":1,"stat.drop.minecraft.sandstone":1,"stat.jump":1088,"stat.useItem.minecraft.sand":5,"stat.useItem.minecraft.iron_trapdoor":11,"stat.drop.minecraft.diamond_sword":3,"stat.pickup.minecraft.gunpowder":15,"stat.pickup.minecraft.spider_eye":2,"stat.useItem.minecraft.stone_button":17,"stat.pickup.minecraft.dirt":5,"stat.drop.minecraft.glowstone":2,"stat.drop.minecraft.bed":2,"stat.drop.minecraft.glass":2,"stat.useItem.minecraft.glass":404,"stat.drop.minecraft.enchanting_table":1,"stat.boatOneCm":20131,"stat.useItem.minecraft.sapling":17,"stat.drop.minecraft.stone_button":2,"stat.drop.minecraft.water_bucket":3,"stat.noteblockTuned":85,"stat.pickup.minecraft.reeds":9,"stat.pickup.minecraft.bed":1,"stat.pickup.minecraft.concrete":1,"stat.useItem.minecraft.end_portal_frame":3,"stat.damageDealt":21482,"stat.sleepInBed":44,"stat.pickup.minecraft.minecart":1,"stat.drop.minecraft.painting":4,"stat.walkOneCm":1178452,"stat.drop.minecraft.noteblock":1,"stat.useItem.minecraft.pumpkin":40,"stat.useItem.minecraft.tnt":4,"stat.useItem.minecraft.lava_bucket":347,"stat.pickup.minecraft.tnt":1,"stat.pickup.minecraft.stone":5,"stat.drop.minecraft.egg":2,"stat.useItem.minecraft.leaves":7,"stat.useItem.minecraft.concrete":22,"stat.drop.minecraft.lit_pumpkin":1,"stat.killEntity.Skeleton":11,"stat.drop.minecraft.lever":1,"stat.useItem.minecraft.iron_block":3,"stat.killEntity.Spider":13,"stat.mobKills":122,"stat.pickup.minecraft.jungle_boat":2,"stat.useItem.minecraft.sandstone":440}