{"stats":{"minecraft:mined":{"minecraft:pink_bed":57,"minecraft:light_blue_bed":41,"minecraft:magenta_bed":4},"minecraft:picked_up":{"minecraft:cocoa_beans":1,"minecraft:birch_door":3,"minecraft:iron_trapdoor":2,"minecraft:splash_potion":1,"minecraft:chicken":3,"minecraft:ladder":1,"minecraft:yellow_wool":1,"minecraft:diamond_sword":2,"minecraft:lead":18,"minecraft:enchanted_book":1,"minecraft:birch_button":22,"minecraft:string":19,"minecraft:white_carpet":1,"minecraft:pufferfish":14,"minecraft:beef":5,"minecraft:redstone_torch":3,"minecraft:minecart":2,"minecraft:quartz_stairs":2,"minecraft:sugar_cane":18,"minecraft:egg":10,"minecraft:dark_oak_door":14,"minecraft:sandstone":3,"minecraft:stone":5,"minecraft:birch_trapdoor":1,"minecraft:pink_carpet":12,"minecraft:snow_block":1,"minecraft:porkchop":10,"minecraft:cake":4,"minecraft:villager_spawn_egg":2,"minecraft:stone_button":3,"minecraft:diorite":1,"minecraft:drowned_spawn_egg":1,"minecraft:tnt":1,"minecraft:arrow":24,"minecraft:cactus":1,"minecraft:rotten_flesh":42,"minecraft:tropical_fish":53,"minecraft:salmon_bucket":1,"minecraft:hay_block":2,"minecraft:glowstone":1,"minecraft:bookshelf":2,"minecraft:end_rod":1,"minecraft:gold_ingot":1,"minecraft:cod":5,"minecraft:snowball":37,"minecraft:white_wool":3,"minecraft:cobblestone":15,"minecraft:jungle_boat":2,"minecraft:feather":3,"minecraft:iron_door":4,"minecraft:water_bucket":4,"minecraft:leather":6,"minecraft:beacon":1,"minecraft:end_portal_frame":1,"minecraft:ice":1,"minecraft:gunpowder":20,"minecraft:dirt":37,"minecraft:bone":21,"minecraft:glass":3,"minecraft:bow":1,"minecraft:wheat_seeds":20,"minecraft:rabbit_hide":8,"minecraft:diamond_helmet":1,"minecraft:rabbit":4,"minecraft:oak_planks":1,"minecraft:tropical_fish_bucket":1,"minecraft:pink_bed":1,"minecraft:red_wool":1,"minecraft:oak_pressure_plate":1,"minecraft:sand":9,"minecraft:white_bed":1,"minecraft:dead_bush":2,"minecraft:spider_eye":4,"minecraft:lever":2,"minecraft:painting":4,"minecraft:golden_apple":1,"minecraft:white_concrete":1,"minecraft:oak_sapling":2},"minecraft:dropped":{"minecraft:water_bucket":7,"minecraft:enchanted_book":2,"minecraft:drowned_spawn_egg":1,"minecraft:tnt":1,"minecraft:golden_horse_armor":1,"minecraft:minecart":3,"minecraft:bookshelf":2,"minecraft:lead":2,"minecraft:salmon_bucket":1,"minecraft:red_wool":1,"minecraft:spruce_door":1,"minecraft:carrot_on_a_stick":1,"minecraft:cod":1,"minecraft:end_rod":1,"minecraft:diamond_horse_armor":1,"minecraft:ice":1,"minecraft:milk_bucket":1,"minecraft:diorite":1,"minecraft:iron_trapdoor":3,"minecraft:stone_button":2,"minecraft:white_concrete":3,"minecraft:iron_door":5,"minecraft:jack_o_lantern":1,"minecraft:snowball":5,"minecraft:diamond_helmet":1,"minecraft:dead_bush":1,"minecraft:jungle_boat":3,"minecraft:cactus":2,"minecraft:white_wool":5,"minecraft:bone":2,"minecraft:tropical_fish_bucket":1,"minecraft:snow_block":1,"minecraft:dark_oak_door":10,"minecraft:note_block":1,"minecraft:sugar_cane":6,"minecraft:lever":1,"minecraft:pink_bed":1,"minecraft:blaze_rod":1,"minecraft:cocoa_beans":1,"minecraft:yellow_wool":1,"minecraft:white_carpet":3,"minecraft:oak_planks":3,"minecraft:villager_spawn_egg":2,"minecraft:stone_slab":1,"minecraft:white_bed":2,"minecraft:glass_pane":1,"minecraft:flint_and_steel":2,"minecraft:diamond_sword":4,"minecraft:poppy":65,"minecraft:hay_block":2,"minecraft:stone":1,"minecraft:birch_trapdoor":1,"minecraft:quartz_stairs":2,"minecraft:cake":6,"minecraft:glowstone":3,"minecraft:ladder":1,"minecraft:end_portal_frame":1,"minecraft:redstone_torch":2,"minecraft:painting":4,"minecraft:iron_ore":1,"minecraft:sandstone":1,"minecraft:beacon":2,"minecraft:arrow":4,"minecraft:glass":4,"minecraft:polished_granite":1,"minecraft:splash_potion":1,"minecraft:enchanting_table":1,"minecraft:egg":2},"minecraft:used":{"minecraft:trident":9,"minecraft:iron_bars":7,"minecraft:enchanting_table":12,"minecraft:dead_bush":57,"minecraft:flint_and_steel":85,"minecraft:carved_pumpkin":49,"minecraft:red_concrete":177,"minecraft:ladder":82,"minecraft:redstone":29,"minecraft:poppy":37,"minecraft:ender_chest":5,"minecraft:stone":3789,"minecraft:quartz_stairs":224,"minecraft:tube_coral":6,"minecraft:oak_door":3,"minecraft:dirt":18,"minecraft:white_carpet":77,"minecraft:prismarine_brick_stairs":2,"minecraft:cod_bucket":1,"minecraft:pink_carpet":24,"minecraft:spruce_fence":5,"minecraft:milk_bucket":18,"minecraft:fern":20,"minecraft:birch_door":13,"minecraft:jungle_sapling":13,"minecraft:glass":2793,"minecraft:lava_bucket":348,"minecraft:villager_spawn_egg":7,"minecraft:bookshelf":300,"minecraft:quartz_slab":27,"minecraft:grass_block":16,"minecraft:red_wool":244,"minecraft:iron_block":3,"minecraft:oak_stairs":12,"minecraft:birch_sapling":23,"minecraft:acacia_slab":318,"minecraft:smooth_sandstone":1,"minecraft:quartz_block":112,"minecraft:light_blue_bed":62,"minecraft:smooth_quartz":149,"minecraft:tropical_fish_spawn_egg":24,"minecraft:infested_mossy_stone_bricks":332,"minecraft:horn_coral":1,"minecraft:birch_trapdoor":5,"minecraft:birch_button":31,"minecraft:glowstone":1268,"minecraft:magma_block":114,"minecraft:bow":103,"minecraft:hay_block":200,"minecraft:iron_trapdoor":25,"minecraft:oak_sapling":17,"minecraft:salmon_spawn_egg":24,"minecraft:white_stained_glass_pane":11,"minecraft:drowned_spawn_egg":64,"minecraft:minecart":7,"minecraft:trapped_chest":6,"minecraft:egg":514,"minecraft:acacia_planks":111,"minecraft:turtle_egg":54,"minecraft:water_bucket":843,"minecraft:diorite":1040,"minecraft:end_rod":1,"minecraft:spruce_door":2,"minecraft:snow_block":332,"minecraft:jungle_fence":49,"minecraft:lime_wool":1244,"minecraft:oak_planks":67,"minecraft:birch_wood":16,"minecraft:sandstone":440,"minecraft:beacon":36,"minecraft:horse_spawn_egg":33,"minecraft:jungle_boat":38,"minecraft:oak_leaves":7,"minecraft:white_wool":296,"minecraft:diamond_block":18,"minecraft:rabbit_spawn_egg":169,"minecraft:sand":5,"minecraft:rail":235,"minecraft:tnt":30,"minecraft:oak_slab":35,"minecraft:crafting_table":7,"minecraft:magenta_bed":4,"minecraft:light_blue_wool":546,"minecraft:phantom_spawn_egg":19,"minecraft:black_banner":2,"minecraft:white_bed":47,"minecraft:note_block":12,"minecraft:painting":102,"minecraft:cake":56,"minecraft:dark_oak_door":159,"minecraft:birch_fence":208,"minecraft:oak_log":92,"minecraft:redstone_torch":42,"minecraft:lever":41,"minecraft:black_concrete":159,"minecraft:firework_rocket":50,"minecraft:birch_fence_gate":5,"minecraft:stone_button":17,"minecraft:string":5,"minecraft:spruce_trapdoor":4,"minecraft:polished_granite":30,"minecraft:sign":14,"minecraft:stone_slab":139,"minecraft:oak_pressure_plate":15,"minecraft:diamond_ore":1800,"minecraft:iron_door":10,"minecraft:yellow_wool":65,"minecraft:pink_bed":85,"minecraft:ocelot_spawn_egg":52,"minecraft:diamond_sword":841,"minecraft:cod_spawn_egg":18,"minecraft:potion":76,"minecraft:pufferfish_bucket":32,"minecraft:ice":9,"minecraft:glass_pane":49,"minecraft:end_portal_frame":3,"minecraft:tropical_fish_bucket":242,"minecraft:white_concrete":25,"minecraft:splash_potion":2,"minecraft:cobweb":2},"minecraft:custom":{"minecraft:mob_kills":220,"minecraft:interact_with_crafting_table":8,"minecraft:leave_game":64,"minecraft:time_since_death":4299077,"minecraft:climb_one_cm":17671,"minecraft:sprint_one_cm":49673,"minecraft:walk_one_cm":2853811,"minecraft:drop":142,"minecraft:talked_to_villager":20,"minecraft:sneak_time":7074,"minecraft:walk_under_water_one_cm":179512,"minecraft:boat_one_cm":31098,"minecraft:jump":3918,"minecraft:walk_on_water_one_cm":242678,"minecraft:tune_noteblock":85,"minecraft:play_one_minute":4299077,"minecraft:sleep_in_bed":143,"minecraft:time_since_rest":3014,"minecraft:open_enderchest":6,"minecraft:trigger_trapped_chest":5,"minecraft:minecart_one_cm":85235,"minecraft:damage_dealt":34324,"minecraft:interact_with_beacon":14,"minecraft:fly_one_cm":3344387,"minecraft:crouch_one_cm":2841},"minecraft:killed":{"minecraft:spider":17,"minecraft:cod":1,"minecraft:pufferfish":3,"minecraft:skeleton":14,"minecraft:chicken":3,"minecraft:drowned":21,"minecraft:tropical_fish":6,"minecraft:wolf":26,"minecraft:pig":3,"minecraft:zombie_villager":6,"minecraft:rabbit":2,"minecraft:creeper":27,"minecraft:zombie":31,"minecraft:villager":47,"minecraft:enderman":1,"minecraft:cow":1}},"DataVersion":1631}